{
    "Ar36": {
        "error": 0.00021063314851257997, 
        "filter_outliers_dict": {
            "filter_outliers": true, 
            "iterations": 1, 
            "std_devs": 2
        }, 
        "fit": "Parabolic", 
        "value": 0.008589475685073468
    }, 
    "Ar37": {
        "error": 0.004657909217942367, 
        "filter_outliers_dict": {
            "filter_outliers": true, 
            "iterations": 1, 
            "std_devs": 2
        }, 
        "fit": "linear", 
        "value": 0.047732366629140065
    }, 
    "Ar38": {
        "error": 0.002295171446306124, 
        "filter_outliers_dict": {
            "filter_outliers": true, 
            "iterations": 1, 
            "std_devs": 2
        }, 
        "fit": "linear", 
        "value": 0.05686559200551508
    }, 
    "Ar39": {
        "error": 0.010412318613946663, 
        "filter_outliers_dict": {
            "filter_outliers": true, 
            "iterations": 1, 
            "std_devs": 2
        }, 
        "fit": "Parabolic", 
        "value": 6.456717257824471
    }, 
    "Ar40": {
        "error": 0.04279440607962291, 
        "filter_outliers_dict": {
            "filter_outliers": true, 
            "iterations": 1, 
            "std_devs": 2
        }, 
        "fit": "Parabolic", 
        "value": 1162.6400594489787
    }, 
    "Ar41": {
        "error": 0.0037130728354567853, 
        "filter_outliers_dict": {
            "filter_outliers": true, 
            "iterations": 1, 
            "std_devs": 2
        }, 
        "fit": "linear", 
        "value": -0.021148536355531045
    }
}