{
    "Ar36": {
        "error": 0.00023294718917318642, 
        "filter_outliers_dict": {
            "filter_outliers": true, 
            "iterations": 1, 
            "std_devs": 2
        }, 
        "fit": "Parabolic", 
        "value": 0.007890678408458526
    }, 
    "Ar37": {
        "error": 0.00512739775519199, 
        "filter_outliers_dict": {
            "filter_outliers": true, 
            "iterations": 1, 
            "std_devs": 2
        }, 
        "fit": "linear", 
        "value": 0.054201167570483835
    }, 
    "Ar38": {
        "error": 0.0023004830547218606, 
        "filter_outliers_dict": {
            "filter_outliers": true, 
            "iterations": 1, 
            "std_devs": 2
        }, 
        "fit": "linear", 
        "value": 0.08840795011449355
    }, 
    "Ar39": {
        "error": 0.010265769954603692, 
        "filter_outliers_dict": {
            "filter_outliers": true, 
            "iterations": 1, 
            "std_devs": 2
        }, 
        "fit": "Parabolic", 
        "value": 9.186708734734536
    }, 
    "Ar40": {
        "error": 0.060769743649851035, 
        "filter_outliers_dict": {
            "filter_outliers": true, 
            "iterations": 1, 
            "std_devs": 2
        }, 
        "fit": "Parabolic", 
        "value": 1661.6483752367837
    }, 
    "Ar41": {
        "error": 0.0039630675042260375, 
        "filter_outliers_dict": {
            "filter_outliers": true, 
            "iterations": 1, 
            "std_devs": 2
        }, 
        "fit": "linear", 
        "value": 0.0004185665978785008
    }
}