{
    "Ar36": {
        "error": 0.0002612193925430597, 
        "filter_outliers_dict": {
            "filter_outliers": true, 
            "iterations": 1, 
            "std_devs": 2
        }, 
        "fit": "Linear", 
        "value": 0.007221434604409355
    }, 
    "Ar37": {
        "error": 0.009480739839145871, 
        "filter_outliers_dict": {
            "filter_outliers": true, 
            "iterations": 1, 
            "std_devs": 2
        }, 
        "fit": "linear", 
        "value": 0.07254759814150384
    }, 
    "Ar38": {
        "error": 0.004774036497715756, 
        "filter_outliers_dict": {
            "filter_outliers": true, 
            "iterations": 1, 
            "std_devs": 2
        }, 
        "fit": "linear", 
        "value": 0.07033494765176043
    }, 
    "Ar39": {
        "error": 0.01261255972961364, 
        "filter_outliers_dict": {
            "filter_outliers": true, 
            "iterations": 1, 
            "std_devs": 2
        }, 
        "fit": "Linear", 
        "value": 6.192645003622037
    }, 
    "Ar40": {
        "error": 0.06152028160203094, 
        "filter_outliers_dict": {
            "filter_outliers": true, 
            "iterations": 1, 
            "std_devs": 2
        }, 
        "fit": "Linear", 
        "value": 1119.211829466395
    }, 
    "Ar41": {
        "error": 0.0033847693098245585, 
        "filter_outliers_dict": {
            "filter_outliers": true, 
            "iterations": 1, 
            "std_devs": 2
        }, 
        "fit": "Average", 
        "value": -0.027418058390025764
    }
}