{
    "Ar36": {
        "error": 0.00022900083027393073, 
        "filter_outliers_dict": {
            "filter_outliers": true, 
            "iterations": 1, 
            "std_devs": 2
        }, 
        "fit": "Parabolic", 
        "value": 0.009568394829316224
    }, 
    "Ar37": {
        "error": 0.004752805988241373, 
        "filter_outliers_dict": {
            "filter_outliers": true, 
            "iterations": 1, 
            "std_devs": 2
        }, 
        "fit": "linear", 
        "value": 0.05233603758925613
    }, 
    "Ar38": {
        "error": 0.002265588292181837, 
        "filter_outliers_dict": {
            "filter_outliers": true, 
            "iterations": 1, 
            "std_devs": 2
        }, 
        "fit": "linear", 
        "value": 0.03492077247447624
    }, 
    "Ar39": {
        "error": 0.009463738005210961, 
        "filter_outliers_dict": {
            "filter_outliers": true, 
            "iterations": 1, 
            "std_devs": 2
        }, 
        "fit": "Parabolic", 
        "value": 4.757015691715126
    }, 
    "Ar40": {
        "error": 0.039126536629368804, 
        "filter_outliers_dict": {
            "filter_outliers": true, 
            "iterations": 1, 
            "std_devs": 2
        }, 
        "fit": "Parabolic", 
        "value": 854.7682242140293
    }, 
    "Ar41": {
        "error": 0.00370840050741422, 
        "filter_outliers_dict": {
            "filter_outliers": true, 
            "iterations": 1, 
            "std_devs": 2
        }, 
        "fit": "linear", 
        "value": -0.040810102217991674
    }
}