{
    "Ar36": {
        "error": 0.000245486931214747, 
        "filter_outliers_dict": {
            "filter_outliers": true, 
            "iterations": 1, 
            "std_devs": 2
        }, 
        "fit": "Parabolic", 
        "value": 0.010477175661970343
    }, 
    "Ar37": {
        "error": 0.0050086579101375085, 
        "filter_outliers_dict": {
            "filter_outliers": true, 
            "iterations": 1, 
            "std_devs": 2
        }, 
        "fit": "linear", 
        "value": 0.054824603992473984
    }, 
    "Ar38": {
        "error": 0.002248231042399863, 
        "filter_outliers_dict": {
            "filter_outliers": true, 
            "iterations": 1, 
            "std_devs": 2
        }, 
        "fit": "linear", 
        "value": 0.0792098053553083
    }, 
    "Ar39": {
        "error": 0.009708561777401472, 
        "filter_outliers_dict": {
            "filter_outliers": true, 
            "iterations": 1, 
            "std_devs": 2
        }, 
        "fit": "Parabolic", 
        "value": 7.365244826267078
    }, 
    "Ar40": {
        "error": 0.04811876872632323, 
        "filter_outliers_dict": {
            "filter_outliers": true, 
            "iterations": 1, 
            "std_devs": 2
        }, 
        "fit": "Parabolic", 
        "value": 1345.8250033432296
    }, 
    "Ar41": {
        "error": 0.0036514538147304418, 
        "filter_outliers_dict": {
            "filter_outliers": true, 
            "iterations": 1, 
            "std_devs": 2
        }, 
        "fit": "linear", 
        "value": -0.016262998199971856
    }
}