{
    "Ar36": {
        "error": 0.00017367210853091268, 
        "filter_outliers_dict": {
            "filter_outliers": true, 
            "iterations": 1, 
            "std_devs": 2
        }, 
        "fit": "Parabolic", 
        "value": 0.004350289557186051
    }, 
    "Ar37": {
        "error": 0.0048051490083539355, 
        "filter_outliers_dict": {
            "filter_outliers": true, 
            "iterations": 1, 
            "std_devs": 2
        }, 
        "fit": "linear", 
        "value": 0.0426226470499909
    }, 
    "Ar38": {
        "error": 0.002407496124235361, 
        "filter_outliers_dict": {
            "filter_outliers": true, 
            "iterations": 1, 
            "std_devs": 2
        }, 
        "fit": "linear", 
        "value": -0.017551610455253205
    }, 
    "Ar39": {
        "error": 0.009423881679829021, 
        "filter_outliers_dict": {
            "filter_outliers": true, 
            "iterations": 1, 
            "std_devs": 2
        }, 
        "fit": "Parabolic", 
        "value": 0.17640209202835808
    }, 
    "Ar40": {
        "error": 0.008435286261360917, 
        "filter_outliers_dict": {
            "filter_outliers": true, 
            "iterations": 1, 
            "std_devs": 2
        }, 
        "fit": "Parabolic", 
        "value": 7.352720324010626
    }, 
    "Ar41": {
        "error": 0.0035503100856857034, 
        "filter_outliers_dict": {
            "filter_outliers": true, 
            "iterations": 1, 
            "std_devs": 2
        }, 
        "fit": "linear", 
        "value": -0.07468571493823645
    }
}