{
    "Ar36": {
        "error": 0.0002685955706750715, 
        "filter_outliers_dict": {
            "filter_outliers": true, 
            "iterations": 1, 
            "std_devs": 2
        }, 
        "fit": "Parabolic", 
        "value": 0.01604577242818883
    }, 
    "Ar37": {
        "error": 0.005380815396225685, 
        "filter_outliers_dict": {
            "filter_outliers": true, 
            "iterations": 1, 
            "std_devs": 2
        }, 
        "fit": "linear", 
        "value": 0.054433097007795875
    }, 
    "Ar38": {
        "error": 0.0022077501788451514, 
        "filter_outliers_dict": {
            "filter_outliers": true, 
            "iterations": 1, 
            "std_devs": 2
        }, 
        "fit": "linear", 
        "value": 0.07755921945268773
    }, 
    "Ar39": {
        "error": 0.010496951569965511, 
        "filter_outliers_dict": {
            "filter_outliers": true, 
            "iterations": 1, 
            "std_devs": 2
        }, 
        "fit": "Parabolic", 
        "value": 7.153671371444512
    }, 
    "Ar40": {
        "error": 0.05159246548936429, 
        "filter_outliers_dict": {
            "filter_outliers": true, 
            "iterations": 1, 
            "std_devs": 2
        }, 
        "fit": "Parabolic", 
        "value": 1325.6489286345284
    }, 
    "Ar41": {
        "error": 0.003512258194102648, 
        "filter_outliers_dict": {
            "filter_outliers": true, 
            "iterations": 1, 
            "std_devs": 2
        }, 
        "fit": "linear", 
        "value": -0.021030071867538504
    }
}